,affiliation
0,"A*STAR"
1,"Charles University Prague"
2,"Chinese Academy of Sciences"
3,"Hebrew University of Jerusalem"
4,"Institute of automation, Chinese academy of science"
5,"McGill University"
6,"Tsinghua University"
7,"University of British Columbia"
8,"University of Chicago"
9,"Chinese Academy of Sciences"
10,01.AI
11,A*STAR
12,A*STAR Centre for Frontier AI Research
13,"A*STAR, I2R"
14,ADA University
15,AI Innovation Center
16,"AI Lab at Lenovo Research, Hangzhou Dianzi University and Northwest University"
17,"AI Lab, Xiaomi Inc."
18,AI Singapore
19,AI Singapore and Ateneo de Manila University
20,AI Sweden
21,AI4Bharat
22,AIM Intelligence
23,AIM Intelligence and University of Seoul
24,AIRI
25,AIRI and Moscow Institute of Physics and Technology
26,AIRI and Skolkovo Institute of Science and Technology
27,"AIRI, Artificial Intelligence Research Institute and Moscow Institute of Physics and Technology"
28,AISpeech Ltd
29,AITRICS
30,AIWaves Inc.
31,AMD
32,ASUS
33,AWS AI
34,AWS AI Labs
35,"AXA, CNRS and LIP6"
36,Aalborg University
37,Aarhus University
38,Academia Sinica
39,Academy of Cyber
40,Academy of Military Science
41,Académie d’Aix-Marseille
42,Accenture
43,Adobe Research
44,Adobe Systems
45,Adobe Systems and University of Surrey
46,Advanced Micro Devices
47,African University of Science and Technology
48,Ahmadu Bello University
49,Al Akhawayn University
50,Alan Turing Institute and University of Cambridge
51,Alfaisal University
52,Alibaba
53,Alibaba Cloud
54,Alibaba Group
55,Alibaba Group US
56,Alibaba Group and Alibaba Group
57,Alibaba Group and Kuaishou- 快手科技
58,Alibaba Group and Microsoft
59,Alibaba Group and Zhejiang University
60,Alibaba International Digital Commerce Group
61,Alibaba-inc
62,All Hands AI and University of Illinois Urbana-Champaign
63,Allen Institute for Artificial Intelligence
64,Allen Institute for Artificial Intelligence and Department of Computer Science
65,Allen Institute for Artificial Intelligence and University of Washington
66,Amazon
67,Amazon Web Services
68,Amazon and Carnegie Mellon University
69,"Amazon and Computer Science, George Mason University"
70,Amazon and Ludwig-Maximilians-Universität München
71,Amazon and Tufts University
72,Amazon and University of Cambridge
73,Amazon and University of Illinois Chicago
74,Amazon and University of Liverpool
75,"Amazon, Siemens Corporate Research and University of Munich, Ludwig-Maximilians-Universität München"
76,Amsterdam UMC
77,Anhui University
78,Answer.AI
79,AnswerAi
80,AnswerDotAI
81,Ant Group
82,Ant Group and University of New South Wales
83,Ant Group and Zhejiang University
84,Ant International
85,Apple
86,Apple AI/ML
87,Apple Inc.
88,Aristotle University of Thessaloniki
89,Arizona State University
90,Arizona State University and Samsung Research
91,Artificial Intelligence Research Institute and Moscow Institute of Physics and Technology
92,Aston University
93,Ateneo de Manila University
94,Athens University of Economics and Business
95,Auburn University and Auburn University
96,Austin Peay State University
97,Australian National University and Singapore Management University
98,Aveni
99,BAAI
100,BOSS Zhipin
101,Baichuan Inc.
102,Baidu
103,Baidu Inc
104,Baidu Inc.
105,Bar Ilan University
106,Bar-Ilan University
107,Barcelona Supercomputing Center
108,Bayerische Julius-Maximilians-Universität Würzburg
109,Bayero University Kano
110,Baylor University
111,Beever AI and Votee AI
112,Beihang University
113,Beijing Academy of Artificial Intelligence
114,Beijing Academy of Artificial Intelligence (BAAI)
115,Beijing Academy of Artificial Intelligence(BAAl)
116,"Beijing Academy of Artificial Intelligence(BAAl), Peking University and Hong Kong University of Science and Technology (Guangzhou)"
117,Beijing Academy of Quantum Information Sciences
118,"Beijing Baichuan Intelligence Technology Co., Ltd."
119,Beijing Institute for General Artificial Intelligence
120,Beijing Institute of Control Engineering
121,Beijing Institute of Technology
122,Beijing Institute of Technology and Open University
123,Beijing Jiaotong University
124,"Beijing Knowledge Atlas Technology Co., Ltd."
125,Beijing Knowledge Atlas Technology Joint Stock Company Limited
126,Beijing Normal University
127,Beijing University of Aeronautics and Astronautics
128,Beijing University of Post and Telecommunication
129,Beijing University of Posts and Telecommunications
130,"Beijing University of Posts and Telecommunications, Beijing University of Posts and Telecommunications and Beijing University of Posts and Telecommunications"
131,Beijing University of Technology
132,Ben Gurion University of the Negev
133,BenevolentAI
134,Berkeley Center for Law and Business
135,Bielefeld University
136,Binus University
137,"Birkbeck, University of London"
138,Birzeit University
139,Bocconi University
140,Boehringer Ingelheim
141,Booking
142,Brno University of Technology
143,Brown University
144,ByteDance
145,ByteDance Inc and Georgia Institute of Technology
146,ByteDance Inc.
147,ByteDance Seed
148,Bytedance
149,CENTAI
150,CENTAI Institute
151,CIGIT
152,CISPA Helmholtz Center for Information Security
153,CISPA Helmholtz Center for Information Security and Saarland University
154,CJ
155,CJ Group
156,"CMU, Carnegie Mellon University"
157,CNPIEC KEXIN LTD
158,CNRS
159,"CNRS / ISIR, Sorbonne Université and CNRS"
160,CONICET / Universidad de Buenos Aires
161,CRIL Univ-Artois & CNRS
162,CSIRO
163,CSIRO and University of Queensland
164,Cairo University
165,"California State University, Long Beach"
166,Calvin College
167,Capital One
168,CapitalOne
169,Cardiff University
170,Carnegie Mellon University
171,Center for Information and Language Processing
172,"Center for Information and Language Processing, LMU Munich"
173,Central South University
174,Central University of Finance and Economics
175,"Centre for Artificial Intelligence and Robotics (CAIR), Hong Kong Institute of Science & Innovation, Chinese Academy of Sciences"
176,"Centre for Artificial Intelligence and Robotics Hong Kong Institute of Science & Innovation, Chinese Academy of Sciences"
177,Centro Universitário FEI
178,"Cerebras Systems, Inc"
179,Chalmers University of Technology
180,Chang Gung University
181,Changsha University of Science and Technology
182,Charles Darwin University
183,Charles University
184,Charles University Prague
185,Cheung Kong Graduate School of business
186,China Academy of Information and Communications Technology
187,China Mobile Information Technology Center
188,China Telecom
189,China Telecom and Northwestern Polytechnical University
190,China Three Gorges Corporation
191,China University of Petroleum
192,Chinese Academy of Sciences
193,Chinese Academy of Sciences and Chinese Information Processing Laboratory
194,Chinese University of Hong Kong
195,"Chinese University of Hong Kong, Shenzhen"
196,"Chinese University of Hong Kong, The Chinese University of Hong Kong"
197,Chongqing University
198,Chongqing University of Post and Telecommunications
199,Chung-Ang University
200,Cisco
201,City University of Hong Kong
202,City University of Hong Kong and Xi’an Jiaotong University
203,Cliniques universitaires Saint-Luc
204,Cohere
205,Cohere AI
206,Cohere For AI
207,Cohere Labs
208,Cohere and Cohere
209,Cold Spring Harbor Laboratory
210,"College of Computer Science and Technology, Zhejiang University"
211,Colorado State University
212,Columbia University
213,"Columbia University, University of Maryland, Baltimore County, IBM TJ Watson Research Center and Tsinghua University"
214,Common Crawl Foundation
215,"Commonwealth Scientific and Industrial Research Organisation, CSIRO"
216,"Computer Network Information Center, Chinese Academy of Sciences"
217,"Computer Network Information Center, Chinese Academy of Sciences,"
218,"Computer Science Departmen, Technion-Israel Institute of Technology"
219,"Computer Science Department, Stanford University"
220,"Computer Science Department, Stanford University and NVIDIA"
221,"Computer Science Department, Stanford University, University of Chicago and Sentience Institute"
222,"Computer Science Department, Technion - Israel Institute of Technology"
223,"Computer Science and Engineering Department, University of California, San Diego"
224,"Computing Science, University of British Columbia"
225,Consiglio Nazionale delle Ricerche
226,Copenhagen University
227,Copenhagen University and KAIST
228,Cornell University
229,Cornell University and ASAPP
230,Corti
231,Counsel AI Corporation
232,Coxwave and Seoul National University
233,Criteo AI Lab and Sorbonne Universite
234,"CyberAgent, Inc."
235,DATUMO Inc.
236,DFF - Deutsches Filminstitut & Filmmuseum
237,DISI - University of Bologna
238,DSO National Laboratories
239,Dalian University of Technology
240,Dartmouth College
241,DataCanvas
242,Dataxet:Sonar
243,Decilion
244,DeepSeek
245,DeepSeek AI
246,DeepSeek and Peking University
247,Deepseed AI
248,"Defense Innovation Unit and University of California, Berkeley"
249,Department of Computer Science
250,"Department of Computer Science and Engineering, Hong Kong University of Science and Technology"
251,"Department of Computer Science and Engineering, Hong Kong University of Science and Technology and Huawei Noah’s Ark Lab"
252,"Department of Computer Science and Engineering, The Chinese University of Hong Kong"
253,"Department of Computer Science and Engineering, The Hong Kong University of Science and Technology"
254,"Department of Computer Science and Engineering, The Hong Kong University of Science and Technology and VGG, University of Oxford"
255,Department of Computer Science and Technology (Formerly Computer Laboratory)
256,"Department of Computer Science and Technology, Tsinghua University"
257,"Department of Computer Science, Cornell University"
258,"Department of Computer Science, ETHZ - ETH Zurich"
259,"Department of Computer Science, Humboldt University Berlin, Humboldt Universität Berlin"
260,"Department of Computer Science, Indian Institute of Technology, Madras, Indian Institute of Technology, Madras"
261,"Department of Computer Science, Indian Institute of Technology, Madras, Indian Institute of Technology, Madras and National Institute of Information and Communications Technology (NICT), National Institute of Advanced Industrial Science and Technology"
262,"Department of Computer Science, National Tsing Hua University, National Tsinghua University"
263,"Department of Computer Science, The University of Hong Kong"
264,"Department of Computer Science, UIUC"
265,"Department of Computer Science, University of Illinois at Urbana-Champaign"
266,"Department of Computer Science, University of Maryland, College Park"
267,"Department of Computer Science, University of North Carolina at Chapel Hill"
268,"Department of Computer Science, University of Oxford"
269,"Department of Computer Science, University of Toronto"
270,"Department of Computer Science, University of Washington"
271,"Department of Computer Science, University of Wisconsin - Madison"
272,"Department of Computer Science, Whiting School of Engineering"
273,"Department of Computer Science, Whiting School of Engineering and Bloomberg"
274,"Department of Computer Science, Yale University"
275,"Department of Electrical Engineering, KU Leuven, Belgium, KU Leuven and NEC"
276,"Department of Mechanical and Industrial Engineering, University of Toronto and Department of Computer Science"
277,"Dept. of Computer Sci. & Eng., Shanghai Jiao Tong University"
278,Dialpad Inc.
279,Dolby Labs.
280,DoorDash
281,Drexel University
282,Dublin City University
283,Duke University
284,Durham University
285,"ELLIS Institute and Max Planck Institute for Intelligent Systems, Max-Planck Institute"
286,EPFL - EPF Lausanne
287,EPFL - EPF Lausanne and Microsoft
288,ETHZ - ETH Zurich
289,ETHZ - ETH Zurich and Georgetown University
290,ETHZ - ETH Zurich and Université de Lausanne
291,East China Normal University
292,East China University of Science and Technology
293,Eberhard-Karls-Universität Tübingen
294,Eberhard-Karls-Universität Tübingen and University of Cambridge
295,Ecole Normale Supérieure de Paris
296,Ecole Normale Supérieure – PSL
297,"Ecole Polytechnique, France"
298,"Edinburgh University, University of Edinburgh"
299,EduLab
300,Education Innovation Research Institute of Guangdong
301,Eindhoven University of Technology
302,Electrical Engineering & Computer Science Department
303,"Electrical and Computer Engineering, Duke University"
304,Electronics and Telecommunications Research Institute
305,EleutherAI
306,Elice
307,Emory University
308,European Commission
309,Europeana
310,FAIR
311,FAIR at Meta
312,FDA
313,FPT
314,FPT AI Center
315,FPT Software
316,Facebook
317,Facebook AI Research
318,Facebook and Harbin Institute of Technology
319,Facebook and Meta
320,Facebook and Universidad Politécnica de Cataluna
321,Facebook and University of Illinois at Urbana-Champaign
322,Facebook and University of Texas at Austin
323,Facebook and University of Washington
324,Facultad de Ingeniería - Universidad de la República - Uruguay
325,"Faculty of Engineering Cairo University, Cairo University"
326,"Faculty of Linguistics, Philology and Phonetics, University of Oxford"
327,Federal Supreme Court of Switzerland
328,FinAuto
329,Flexera
330,Flower Labs and University of Cambridge
331,Fondazione Bruno Kessler
332,Forschungszentrum Juelich GmbH
333,Fraunhofer FOKUS
334,Fraunhofer IIS
335,Fudan University
336,Fudan University and Shanghai AI Laboratory
337,Fudan University and Shanghai Innovation Institute
338,Fujitsu Research
339,Fujitsu Research and Development Center Co. Ltm.
340,Fuzhou University
341,GE HealthCare
342,GE Healthcare
343,GEHC
344,GESIS and Heinrich-Heine-University Düsseldorf
345,GESIS – Leibniz Institute for the Social Sciences and Heinrich-Heine University Düsseldorf
346,GM Lab
347,"GenAI, Meta"
348,"Genentech and University of California, Los Angeles"
349,Georg-August Universität Göttingen
350,George Mason University
351,George Washington University
352,Georgetown University and Army Research Lab
353,Georgia Institute of Technology
354,"German Research Center for AI, The Hessian Center for AI and TU Darmstadt"
355,"Gifu University and National Institute of Information and Communications Technology (NICT), National Institute of Advanced Industrial Science and Technology"
356,Google
357,Google DeepMind
358,Google DeepMind and Georgia Institute of Technology
359,"Google DeepMind and University of California, San Diego"
360,Google DeepMind and University of Cambridge
361,Google Deepmind
362,Google Research
363,"Google and Bar-Ilan University, Technion"
364,Google and Harvard University
365,Google and Korea Advanced Institute of Science and Technology
366,Google and Tel Aviv University
367,"Google and The Hebrew University of Jerusalem, Israel"
368,Google and University of Washington
369,Great Bay University
370,Griffith University
371,"Guangdong OPPO Mobile Telecommunications Corp.,Ltd."
372,Guangdong University of Foreign Studies
373,Guangdong University of Technology
374,Guangming Laboratory
375,Guangxi University
376,Guangzhou University
377,Guizhou University
378,Gwangju Institute of Science and Technology
379,HKUST
380,HKUST-GZ
381,HPE
382,HSE University and Vinogradov Russian Language Institute RAS
383,Haidian Urban Renewal Group
384,Hamline University
385,Hangzhou City University
386,Hangzhou Dianzi University
387,Hangzhou Institute of Medicine Chinese Academy of Science
388,Hankuk University of Foreign Studies
389,Hanoi University of Science and Technology
390,Hanyang University
391,Haramaya University
392,Harbin Institute of Technology
393,Harbin Institute of Technology (Shenzhen)
394,Harbin Institute of Technology (Shenzhen) and Shandong University
395,"Harbin Institute of Technology (Shenzhen), China"
396,Harbin Institute of Technology and Australian National University
397,"Harbin Institute of Technology, Shenzhen"
398,"Harbin Institute of Technology, Shenzhen and Pengcheng Laboratory"
399,Harbin Institute of Techology
400,Harbin institute of technology
401,Harvard University
402,"Harvard University, Harvard University"
403,Harvey
404,Hasso Plattner Institute and University of Potsdam
405,Hebrew University of Jerusalem
406,Hefei University
407,Hefei University of Technology
408,Heidelberg Institute for Theoretical Studies
409,Heidelberg University
410,Heinrich Heine University Düsseldorf
411,"Heinrich Heine University Düsseldorf, Germany"
412,Helixon Research
413,Henan Univeristy
414,Hewlett Packard Enterprise
415,"HiTZ Center, University of the Basque Country (UPV/EHU)"
416,Hikvision Research Institute
417,Hitotsubashi University
418,"Ho Chi Minh city University of Science, Vietnam National University"
419,Hochschule der Medien (University of Applied Sciences)
420,Hohai University
421,Hokkaido University
422,Hong Kong Baptist University
423,Hong Kong Polytechnic University
424,"Hong Kong Polytechnic University and Harbin Institute of Technology, Shenzhen"
425,"Hong Kong Polytechnic University and Sichuan University, China"
426,Hong Kong University of Science and Technology
427,Hong Kong University of Science and Technology (Guangzhou)
428,Hong Kong University of Science and Technology and Imperial College London
429,Hongik University
430,Huawei
431,Huawei Noah’s Ark Lab
432,Huawei Noah’s Ark Lab (AI Lab)
433,Huawei Technologies Ltd.
434,Huazhong Agricultural University
435,Huazhong University of Science and Technology
436,Hugging Face
437,HuggingFace
438,Humboldt Universität Berlin
439,Humboldt-Universität zu Berlin
440,Hunan University
441,Hyundai Motor Group and KAIST
442,I2R
443,"I2R, A*STAR"
444,IAAR
445,IBM
446,IBM Research
447,IBM Research AI
448,IBM Research Europe - Ireland
449,IDEA
450,IFLYTEK CO.LTD.
451,IHPC
452,IIC
453,IIE
454,IIT Bhubaneswar
455,INESC TEC
456,INF
457,INF Tech.
458,INRIA
459,INSAIT and Google
460,INTSIG
461,INTSIG Information
462,IRIT
463,"IRIT, université de Toulouse"
464,IRT Saint Exupery
465,IRT Saint-Exupery
466,"ISIR, Sorbonne Université & CNRS"
467,IT University of Copenhagen
468,"IT:U Interdisciplinary Transformation University Austria, Technische Universität Darmstadt and IBM Research Ireland"
469,Ibb University
470,Idiap Research Institute and University of Manchester
471,Idiap research institute
472,Imperial College London
473,"Imperial College London and Bayero University, Kano-Nigeria"
474,Imperial College London and University of Manchester
475,Independent
476,Independent Researcher
477,Indian Association for the Cultivation of Science
478,"Indian Institute of Science, Bangalore"
479,"Indian Institute of Science, Indian institute of science, Bangalore"
480,Indian Institute of Technology Bombay
481,"Indian Institute of Technology Bombay, Indian Institute of Technology Bombay"
482,"Indian Institute of Technology Bombay, Indian Institute of Technology, Bombay"
483,Indian Institute of Technology Madras
484,"Indian Institute of Technology Patna, India"
485,"Indian Institute of Technology, Bombay"
486,"Indian Institute of Technology, Bombay, Dhirubhai Ambani Institute Of Information and Communication Technology"
487,"Indian Institute of Technology, Delhi"
488,"Indian Institute of Technology, Indore"
489,"Indian Institute of Technology, Jodhpur"
490,"Indian Institute of Technology, Kanpur and Amazon"
491,"Indian Institute of Technology, Madras"
492,"Indian Institute of Technology, Madras, Dhirubhai Ambani Institute Of Information and Communication Technology"
493,"Indian Institute of Technology, Madras, Dhirubhai Ambani Institute Of Information and Communication Technology and Indian Institute of Technology, Madras, Dhirubhai Ambani Institute Of Information and Communication Technology"
494,"Indian Institute of Technology, Patna"
495,"Indian Institute of Technology, Patna."
496,Indian Statistical Institute
497,Individual Researcher
498,"Indraprastha Institute of Information Technology, Delhi"
499,Industry
500,Inf Tech
501,Infinigence-AI
502,Infly Technology
503,Inner Mongolia University
504,Insignia
505,Institut Teknologi Bandung
506,Institut Teknologi Sepuluh Nopember
507,Institut de Recherche en Informatique de Toulouse and IRT Saint Exupery
508,Institut de recherche en informatique de toulouse
509,Institut d’Etudes Politiques de Paris (Sciences Po)
510,Institut für Informatik
511,"Institute for AI in Medicine (IKIM), University Medicine Essen"
512,"Institute for Advanced Algorithms Research, Shanghai"
513,"Institute for Computational Linguistics “A. Zampolli” (CNR-ILC), Pisa"
514,"Institute for Computer Science, Artificial Intelligence and Technology, Mohamed bin Zayed University of Artificial Intelligence and Technische Universität Darmstadt"
515,"Institute for Infocomm Research, A*STAR and National University of Singapore"
516,"Institute for Infocomm Research, Agency for Science, Technology and Research, Singapore"
517,"Institute of Automation of,Chinese Academy of Sciences"
518,"Institute of Automation, CAS,China"
519,"Institute of Automation, Chinese Academy of Sciences"
520,"Institute of Automation, Chinese Academy of Sciences (CASIA)"
521,"Institute of Computing Technolgy, Chinese Academy of Sciences"
522,"Institute of Computing Technology , Chinese Academy of Sciences"
523,"Institute of Computing Technology, Chinese Academy"
524,"Institute of Computing Technology, Chinese Academy of Sciences"
525,"Institute of Computing Technology, Chinese Academy of Sciences, China"
526,"Institute of High Performance Computing, Singapore, A*STAR"
527,"Institute of Industrial Science, the University of Tokyo"
528,Institute of Information Engeering
529,"Institute of Information Engineering, Chinese Academy of Sciences"
530,"Institute of Information Engineering,Chinese Academy of Sciences"
531,Institute of Science Tokyo
532,"Institute of Science Tokyo and Tokyo Institute of Technology, Tokyo Institute of Technology"
533,Institute of Software Chinese Academy of Sciences
534,"Institute of Software, CAS"
535,"Institute of Software, Chinese Academy of Sciences"
536,"Institute of automation, Chinese Academy of Sciences"
537,"Institute of automation, Chinese academy of science"
538,"Institute of automation, Chinese academy of science, Chinese Academy of Sciences"
539,"Institute of automation, Chinese academy of sciences"
540,Instituto Superior Técnico
541,Instituto Superior Técnico and Unbabel
542,Instituto Tecnológico y de Estudios Superiores de Monterrey
543,Instituto de Ingeniería del Conocimiento
544,Instituto de Investigaciones en Matemáticas Aplicadas y en Sistemas - UNAM
545,Instituto de Telecomunicações
546,"Instituto de Telecomunicações, Portugal"
547,"Instituto de Telecomunicações, Portugal and Instituto Superior Técnico"
548,Intel AI Research
549,"Interactive Entertainment Group, Tencent Inc."
550,International Business Machines
551,International Business Machines (IBM)
552,International Institute of Information Technology Hyderabad
553,"International Institute of Information Technology Hyderabad, India"
554,Intron Health
555,Intuit
556,Intuit AI
557,Intuit AI Research
558,Iowa State University
559,Istituto di Linguistica Computazionale “A. Zampolli” (ILC)
560,IÉSEG School of Management and KU Leuven
561,J.P. Morgan Chase
562,JD.com
563,JP Morgan AI Research
564,JPMorgan AI Research
565,"Japan Advanced Institute of Science and Technology, Tokyo Institute of Technology"
566,"Japanese Organization of Mental Health and Educational Agencies and iDEAR Human Support Service Co., Ltd."
567,Jiangsu University of Science and Technology
568,Jiangxi University of Finance and Economics
569,Jilin University
570,"Jilin University, China"
571,Jina AI
572,Johannes-Gutenberg Universität Mainz
573,"Johannes-Gutenberg Universität Mainz, Johannes-Gutenberg Universität Mainz, University of Colorado, Boulder and New York University"
574,Johns Hopkins University
575,"Johns Hopkins University and Tsinghua University, Tsinghua University"
576,Jordan University of Science and Technology
577,Julius-Maximilians-Universität Würzburg
578,K-Scale Labs and University of Warsaw
579,KAIST
580,KMind.AI and Westlake University
581,KT
582,KTH Royal Institute of Technology
583,KU Leuven
584,"KU Leuven, KU Leuven"
585,Kaduna State University
586,Kakao Brain
587,Kakao Brain Corp.
588,Kakao Corp.
589,KakaoBank
590,Karlsruhe University of Applied Sciences
591,Karlsruher Institut für Technologie
592,Kazan Federal University
593,Keio University
594,Kempelen Institute of Intelligent Technologies
595,Kempelen Institute of Intelligent Technologies and Comenius University in Bratislava
596,Kempelen Institute of Intelligent Technologies and Copenhagen University
597,Kensho
598,Kensho Technologies
599,Key Laboratory of Ethnic Language Intelligence
600,King Abdulaziz University
601,King Abdullah University of Science and Technology
602,King Abdullah University of Science and Technology and Pennsylvania State University
603,King Mongkut’s University of Technology Thonburi
604,"King’s College London, University of London"
605,Know Center GmbH and Technische Universität Graz
606,Komisi Pemberantasan Korupsi
607,Konkuk University
608,Korea Advanced Institute of Science & Technology
609,Korea Advanced Institute of Science & Technology and INEEJI
610,Korea Advanced Institute of Science & Technology and LG Electronics
611,Korea Advanced Institute of Science and Technology
612,Korea Advanced Institute of Science and Technology and AITRICS
613,Korea Telecom Research
614,Korea University
615,Korea University and Gauss Labs Inc.
616,Kuaishou
617,Kuaishou Technology
618,Kuaishou- 快手科技
619,Kyoto University
620,Kyoto University and RIKEN
621,"Kyoto University, Kyoto University"
622,Kyung Hee University
623,Kyushu University
624,LBOX
625,LG AI Research
626,LG Corporation
627,"LG Corporation and University of Illinois, Chicago"
628,LG Electronics
629,"LIP6, Sorbonne Université/CNRS and AXA"
630,LY Corporation
631,Lancaster University
632,Landbase Inc.
633,Lanzhou University
634,Lappeenranta University of Technology and University of Copenhagen
635,Lehigh University
636,Leiden University
637,Lelapa AI
638,Lelapa AI and University of Pretoria
639,Lenovo Group Limited
640,Lenovo Research
641,Li Auto
642,LifeArc
643,LightOn
644,Lingnan Normal University and Guangdong University of Technology
645,LinkedIn
646,London Institute for Mathematical Sciences
647,Los Alamos National Laboratory
648,Lossfunk
649,Louvain School of Management
650,Ludwig Maximilian University of Munich and Siemens Corporate Research
651,Ludwig-Maximilians-Universität München
652,Ludwig-Maximilians-Universität München and Siemens Corporate Research
653,L’École des hautes études en sciences sociales
654,"MBZUAI, RIKEN and Tohoku University"
655,"MERCK & CO., INC."
656,MIM Solutions and University of Warsaw
657,MPI-SWS
658,MTS AI
659,Macquarie University
660,Masakhane
661,Maseno University
662,Massachusetts Institute of Technology
663,Massachusetts Institute of Technology and International Business Machines
664,Massachusetts Institute of Technology and Kensho
665,Massachusetts Institute of Technology and Massachusetts Institute of Technology
666,Massachusetts Institute of Technology and Mohamed bin Zayed University of Artificial Intelligence
667,Max Planck Institute for Software Systems (MPI-SWS)
668,Max-Planck Institute for Evolutionary Anthropology
669,Max-Planck Institute for Informatics
670,"Max-Planck-Institute for Intelligent Systems, Max-Planck Institute and ELLIS Institute Tübingen"
671,Maximus
672,McGill University
673,"McGill University and Montreal Institute for Learning Algorithms, University of Montreal, University of Montreal"
674,"McGill University, McGill University and Mila - Quebec Artificial Intelligence Institute"
675,"McGill University, Mila Research Institute and Microsoft"
676,"McGill University, Mila and McGill University"
677,Medidata Solutions
678,"Meedan, University of Oxford and Alan Turing Institute"
679,Meituan
680,Meta
681,Meta AI
682,Meta AI and Carnegie Mellon University
683,Meta AI and Massachusetts Institute of Technology
684,Meta FAIR
685,"Meta Platforms, Inc."
686,Meta and Meta
687,Michigan State University
688,Microsoft
689,Microsoft Research
690,Microsoft Research Asia
691,"Microsoft Research, Redmond, WA, USA"
692,Microsoft and Borealis AI
693,"Microsoft and Indian Institute of Technology, Madras"
694,Microsoft and Johns Hopkins University
695,"Microsoft, USA"
696,Midea Group
697,Mila - Quebec Artificial Intelligence Institute
698,Mila - Quebec Artificial Intelligence Institute and Université de Montréal
699,Minzu University of China
700,Minzu University of China and National Language Resource Monitoring & Research Center of Minority Languages
701,Mirelo AI
702,Misr University for Science and Technology
703,Mistral AI
704,ModelBest
705,Modelcode.ai
706,Mohamed bin Zayed University of Artificial Intelligence
707,Mohamed bin Zayed University of Artificial Intelligence and Carnegie Mellon University
708,Mohamed bin Zayed University of Artificial Intelligence and Chalmers University of Technology
709,Mohamed bin Zayed University of Artificial Intelligence and RIKEN
710,Mohamed bin Zayed University of Artificial Intelligence and University of British Columbia
711,Mohammed VI Polytechnic University
712,Monash University
713,Monash University and Boston University
714,"Monash University, Monash University and Monash University"
715,"Montreal Institute for Learning Algorithms, University of Montreal, University of Montreal and International Business Machines"
716,"Montreal Institute for Learning Algorithms, University of Montreal, Université de Montréal"
717,Montreal Institute of Learning Algorithms
718,Moonshot AI
719,Morgan Stanley
720,Morgan Stanley Canada
721,"Moscow Institute of Physics and Technology, Moscow Institute of Physics and Technology and AIRI"
722,NAIST
723,NASK - National Research Institute
724,NAVER
725,NAVER CLOUD
726,NAVER CLOVA
727,NAVER Cloud
728,NEC
729,NEC Laboratories America
730,NEC Laboratories Europe
731,NEC Laboratories Europe GmbH
732,NEC Laboratories Europe and NEC Laboratories Europe
733,"NEC Laboratories Europe, St.Cyril and Methodius University and NEC Laboratories Europe"
734,NEC Labs America
735,NEC and Technische Universität Darmstadt
736,NEC-Labs
737,"NII, Tokyo Institute of Technology"
738,"NINJAL, Tohoku University and RIKEN"
739,NTT
740,NTT Communications
741,"NTT Docomo, Inc."
742,"NTT, The University of Tokyo"
743,NUS School of Computing
744,NVIDIA
745,NVIDIA Research
746,NVIDIA and National Taiwan University
747,"NYU Courant, Shanghai Artificial Intelligence Laboratory and Huazhong University of Science and Technology"
748,NYU Langone
749,Nanjing University
750,Nanjing University of Aeronautics and Astronautics
751,Nanjing University of Science and Technology
752,Nankai University
753,Nantes University
754,Nanyang Technological University
755,Nanyang Technological University and A*STAR
756,Nanyang Technological University and National University of Singapore
757,Nanyang Technological University and SalesForce.com
758,Nara Institute of Science and Technology
759,"Nara Institute of Science and Technology, Japan"
760,"Nara Institute of Science and Technology, Japan and National Institute of Information and Communications Technology (NICT)"
761,"Nara Institute of Science and Technology, Japan and National Institute of Information and Communications Technology (NICT), National Institute of Advanced Industrial Science and Technology"
762,"National Center for AI (NCAI), Saudi Data and AI Authority (SDAIA)"
763,National Central University
764,National Institute for Japanese Language and Linguistics
765,National Institute for Japanese Language and Linguistics and University of Tokyo
766,National Institute of Informatics
767,National Institute of Informatics (NII) and Kyoto University
768,National Institute of Information and Communications Technology
769,"National Institute of Information and Communications Technology (NICT), National Institute of Advanced Industrial Science and Technology"
770,National Institute of Standards and Technology
771,National Research Council Canada and University of Ottawa
772,National Taiwan University
773,National Taiwan University of Science and Technology
774,National Technical University of Athens
775,National Technical University of Athens and École Polytechnique
776,National University of Defense Technology
777,National University of Singapore
778,"National University of Singapore and Agency for Science, Technology and Research (A*STAR))"
779,National University of Singapore and Ton Duc Thang University
780,National University of Singapore and Zhejiang University
781,National Yang Ming Chiao Tung University
782,Neovalle Ltd
783,NetEase Corp
784,Neural Magic
785,New Mexico State University
786,New York University
787,New York University Abu Dhabi
788,New York University and Facebook
789,New York University and Google
790,New York University and LG AI Research
791,Nnamdi Azikiwe University
792,Nokia Bell Labs and Department of Computer Science
793,None
794,North Carolina State University
795,North-West University
796,Northeast University
797,Northeastern University
798,Northeastern University and Technion - Israel Institute of Technology
799,"Northeastern University, China"
800,"Northeastern University, Northeastern University and University of Michigan"
801,Northwell Health
802,Northwest Minzu University
803,Northwest Polytechnical University
804,Northwest Polytechnical University Xi’an
805,Northwestern University
806,Norwegian Computing Center
807,Novosibirsk State University and Russian National Corpus
808,Nuance Communications
809,OPPO
810,OPPO Research Institute
811,Ohio State University
812,"Ohio State University, Columbus"
813,OpenAI
814,Optum AI
815,Opus AI Research
816,Oracle
817,Orange
818,Orange Innovation
819,Orby AI
820,OriginAI
821,Osaka University
822,Otto-Friedrich Universität Bamberg
823,Oumi
824,Oumi AI PBC
825,"Oxford Internet Institute, University of Oxford"
826,PAII INC
827,PAII Inc.
828,POSTECH
829,Paitaxt Technical Institute
830,Palacký University Olomouc
831,Patronus AI
832,Pattern Data
833,"Paul G. Allen School of Computer Science and Engineering, University of Washington"
834,Peking University
835,Pelita Harapan University
836,Peng Cheng Laboratory and South China University of Technology
837,Pengcheng Laboratory
838,Pennsylvania State University
839,"Pennsylvania State University, Pennsylvania State University"
840,Pingan Group
841,Pingan Technology
842,Pohang University of Science and Technology
843,Polish-Japanese Institute of Information Technology in Warsaw
844,Politecnico di Milano
845,Portland State University
846,Pr(Ai)²R Group
847,Prince Sultan University
848,Princeton University
849,Project Ronin
850,Prompsit Language Engineering
851,"ProtagoLabs, Inc. / NetMind"
852,Purdue University
853,Purdue University and Purdue University
854,PyPOTS Research
855,Qilu University of Technology(Shandong Academy of Science) and Shandong Artificial Intelligence Institute
856,"Qi’anxin Technology Group Co., Ltd"
857,QualComm
858,Quantstamp
859,Queen Mary University London
860,Queen Mary University of London
861,Queensland University of Technology
862,Queen’s University
863,RIKEN
864,RIKEN and Konan University
865,RISC Software GmbH
866,Reading University and Nanjing University of Information Science and Technology
867,Red Hat
868,Red Hat and Institute of Science and Technology Austria
869,Red Hat and Neural Magic
870,RedNote
871,Reka AI
872,Renmin University of China
873,"Renmin University of China, Tsinghua University"
874,Rensselaer Polytechnic Institute
875,Research Center for Social Computing and Information Retrieval
876,"Research, Google"
877,"Research, Microsoft"
878,"Research, Microsoft and Indian Institute of Technology Hyderabad"
879,Retro Rabbit
880,Rice University
881,"Robert Bosch GmbH, Bosch"
882,Rochester Institute of Technology
883,Roma Tre University
884,Royal Melbourne Institute of Technology
885,Royal Melbourne Institute of Technology and Universitas Indonesia
886,Ruprecht-Karls-Universität Heidelberg
887,Rutgers University
888,SAP SE
889,SB Intuitions
890,SCB 10X
891,SEACrowd
892,SGIT AI
893,"SKLCCSE, School of Computer Science and Engineering, Beihang University, Beijing, China"
894,SRIBD
895,SUN YAT-SEN UNIVERSITY
896,SUN YAT-SEN UNIVERSITY CANCER CENTER
897,"Saarbruecken Research Center for Visual Computing, Interaction, and Artificial Intellligence and Max-Planck-Institute for Informatics, Saarland Informatics Campus"
898,"Saarland Informatics Campus, Max-Planck Institute"
899,Sailplane
900,SalesForce.com
901,"SalesForce.com and national university of singaore, National University of Singapore"
902,Salesforce AI
903,Salesforce AI Research
904,Salesforce Research
905,Sami Shamoon College of Engineering
906,Samsung
907,Samsung Research
908,Santa Clara University
909,Sapienza University of Rome
910,"School of Artificial Intelligence, Beihang University and Institute of Computing Technology, Chinese Academy of Sciences"
911,"School of Artificial Intelligence, Jilin University"
912,"School of Computer Science and Engineering, Nanyang Technological University"
913,"School of Computer Science and Technology, Tiangong University"
914,"School of Computer Science, Carnegie Mellon University"
915,"School of Computer Science, Carnegie Mellon University and J.P. Morgan Chase"
916,"School of Computer Science, Tel Aviv University"
917,SenseTime Group Limited
918,SenseTime Group Ltd
919,Sensetime
920,Seoul National University
921,"Seoul National University, Seoul National University"
922,ServiceNow
923,"ServiceNow Inc, Mila, McGill University and Mila, McGill University"
924,Shahid Beheshti University
925,Shanda Group and Alibaba Group
926,Shandong University
927,Shanghai AI Lab
928,Shanghai AI Laboratory
929,Shanghai AI Laboratory and Shanghai Jiao Tong University
930,Shanghai Academy of AI for Science and Fudan University
931,"Shanghai Amarsoft Enterprise Credit Information Service Co.,Ltd"
932,Shanghai Aritifcal Intelligence Laboratory
933,Shanghai Artificial Intelligence Laboratory
934,Shanghai Artificial Intelligence Laboratory and Fudan University
935,Shanghai Artificial Intelligence Laboratory and Harbin Institute of Technology
936,Shanghai Artificial Intelligence Laboratory and Hong Kong University of Science and Technology
937,Shanghai Artificial Intelligence Laboratory and Shanghai Innovation Institute
938,"Shanghai Artificial Intelligence Laboratory, Tsinghua University and University College London"
939,"Shanghai Electric Group Co.,Ltd. Central Academe"
940,Shanghai Institute for Advanced Study of Zhejiang University
941,Shanghai Jiao Tong University
942,Shanghai Jiaotong University
943,Shanghai Qi Zhi Institute
944,Shanghai University
945,Shanghai University of Electric Power
946,Shanghai University of Finance and Economics
947,ShanghaiTech University
948,Shanxi University
949,Shaqra University
950,Sharif University of Technology
951,"Sharif University of Technology, Sharif University of Technology"
952,Shenyang Aerospace University
953,"Shenzhen Institutes of Advanced Technology, Chinese Academy of Sciences"
954,"Shenzhen Institutes of Advanced Technology, Chinese Academy of Sciences, Chinese Academy of Sciences"
955,"Shenzhen International Graduate School, Tsinghua University"
956,Shenzhen Polytechnic University and South China University of Technology
957,Shenzhen Research Institute of Big Data
958,Shenzhen University
959,Shenzhen University of Advanced Technology
960,"Shenzhen University of Advanced Technology and Shenzhen Institute of Advanced Technology, Chinese Academy of Sciences"
961,Shopee
962,Sichuan University
963,Siemens Corporate Research
964,Siemens Foundational Technologies
965,"Siemens Ltd., China"
966,Simon Fraser University
967,Singapore MIT Alliance for Research and Technology
968,Singapore Management University
969,Singapore Management University and Nanjing University
970,Singapore Polytechnic
971,Singapore University of Social Sciences
972,Singapore University of Technology and Design
973,Singapore-MIT Alliance for Research and Technology
974,Skolkovo Institute of Science and Technology
975,Skoltech
976,Skywork AI
977,Snowflake
978,Sogang University
979,Sony
980,Soochow University
981,"Soochow University, China"
982,"Soochow University, China,"
983,Sorbonne Université
984,South China Agricultural University
985,South China Normal University
986,South China University of Technology
987,"South China University of Technology, South China University of Technology"
988,Southeast Community College Area
989,Southeast University
990,Southeast University - Monash University Joint Graduate School
991,Southeast University and Hong Kong University of Science and Technology
992,Southern University of Science and Technology
993,Squirrel Ai Learning
994,Stanford University
995,Stanford University and Hospital Israelita Albert Einstein
996,Stanford University and Kumo.AI
997,Stanford University and University of Toronto
998,Stanford University and University of Zurich
999,State Grid Fujian Electric Power Co.
1000,State Key Laboratory of Cognitive Intelligence
1001,State University of New York at Stony Brook
1002,"State University of New York, Stony Brook"
1003,"State key laboratory of CAD&CG, Zhejiang University"
1004,StepFun Technology Inc.
1005,Stevens Institute of Technology
1006,Stockholm University
1007,Stony Brook University
1008,Sudan University for Science and Technology
1009,Sun Yat-Sen University
1010,Sung Kyun Kwan University
1011,SungKyunKwan University
1012,Sungkyunkwan University
1013,Suzhou University
1014,Swiss Federal Institute of Technology
1015,Swiss Federal Institute of Technology Lausanne
1016,TAL
1017,"TBSI, Tsinghua University"
1018,TIB Hannover
1019,TIB/L3S
1020,TSY Capital
1021,TU Darmstadt
1022,Tampere University
1023,"Tata Consultancy Services Limited, India"
1024,Technical University of Denmark
1025,"Technical University of Denmark, Apple and IT University"
1026,Technical University of Munich
1027,Technical University of Wroclaw
1028,Technion - Israel Institute of Technology
1029,"Technion - Israel Institute of Technology, Technion"
1030,"Technion, Israel Institute of Technology"
1031,"Technion, Technion"
1032,Technische Universität Darmstadt
1033,Technische Universität Dresden
1034,Technische Universität Dresden and University of St Andrews
1035,Technische Universität Graz
1036,Technische Universität München
1037,Technische Universität Wien
1038,Technology Innovation Institute
1039,Tel Aviv University
1040,Tel Aviv University and Apple
1041,Tel Aviv University and Google
1042,Tel Aviv University and Google Research
1043,"Tel Aviv University, Tel Aviv University and Tel Aviv University"
1044,"TeleAI, China Telecom"
1045,Telecom SudParis
1046,Tencent
1047,Tencent AI Lab
1048,"Tencent AI Lab and The Chinese University of Hong Kong, Shenzhen"
1049,Tencent America LLC
1050,Tencent Hunyuan
1051,Tencent Hunyuan / AI Lab
1052,Tencent INC
1053,Tencent TEG and Beijing Institute of Technology
1054,Tencent YouTu Lab
1055,Texas A&M University
1056,Texas A&M University - College Station
1057,Texas A&M University - College Station and Google
1058,The Chinese University of Hong Kong
1059,The Chinese University of Hong Kong (ShenZhen)
1060,The Chinese University of Hong Kong (Shenzhen); National University of Singapore and National University of Singapore
1061,The Chinese University of Hong Kong and The Chinese University of Hong Kong
1062,The Chinese University of Hong Kong and Tsinghua University
1063,"The Chinese University of Hong Kong, Shenzhen"
1064,The Chinese University of Hong Kong-Shenzhen
1065,"The Department of Mathematics, Tsinghua University"
1066,The Fin AI
1067,The Hong Kong Polytechnic University
1068,The Hong Kong Polytechnic University and Hong Kong Polytechnic University
1069,"The Hong Kong Polytechnic University, The Hong Kong Polytechnic University"
1070,The Hong Kong University of Science and Technology
1071,The Hong Kong University of Science and Technology (Guangzhou)
1072,The Hong Kong University of Science and Technology (Guangzhou) and Hong Kong University of Science and Technology
1073,The Hong Kong University of Science and Technology (Guangzhou) and The Hong Kong University of Science and Technology
1074,The Hong Kong University of Science and Technology and City University of Hong Kong
1075,The Hong Kong University of Science and Technology and International Computer Science Institute
1076,The Ohio State University
1077,"The Ohio State University, Columbus"
1078,The Pennsylvania State University
1079,The University of Auckland
1080,The University of Electro-Communications
1081,The University of Hong Kong
1082,The University of Melbourne
1083,The University of Nottingham Ningbo China
1084,The University of Queensland
1085,The University of Sheffield and University of Sheffield
1086,The University of Tokyo
1087,The University of Tokyo and University of Alberta
1088,"The University of Tokyo, The University of Tokyo and Tokyo University of Science"
1089,The University of Waikato
1090,Tiangong University
1091,"Tianjin Unibersity, China"
1092,Tianjin University
1093,Tianjin University and Pingan Technology
1094,Tiktok
1095,Tohoku University
1096,Tohoku University and RIKEN
1097,Tokyo Institute of Technology/Institute of Science Tokyo and RIKEN
1098,Tokyo Metropolitan University
1099,Tokyo Metropolitan University and KDDI Corporation
1100,Tokyo University
1101,Tokyo University of Science and Keio University
1102,Tomorrow Advancing Life
1103,Tongji University
1104,Tongji University and Shanghai Artificial Intelligence Laboratory
1105,Tongyi Lab
1106,Toyota Research Institute
1107,Toyota Technological Institute at Chicago
1108,Toyota Technological Institute at Chicago and University of Chicago
1109,Tsinghua University
1110,"Tsinghua University, Tsinghua University"
1111,"Tsinghua University, Tsinghua University and Tencent AI Lab"
1112,"Tsinghua University, Tsinghua University and Tsinghua University, Tsinghua University"
1113,Turan University
1114,Turing Inc.
1115,"Turing Inc. and Nara Institute of Science and Technology, Japan"
1116,Twitter
1117,Tyumen State University
1118,U Hamburg
1119,UC Santa Barbara
1120,UCL
1121,UCLA
1122,"UCLA Computer Science Department, University of California, Los Angeles"
1123,UIUC
1124,UNSW Sydney
1125,US Naval Academy
1126,USC/ISI
1127,UW-Madison
1128,"Ubiquitous Knowledge Processing Lab, Technical University of Darmstadt"
1129,Universidad Autónoma de Madrid
1130,Universidad Carlos III de Madrid
1131,Universidad Nacional de Córdoba
1132,Universidad Nacional de Educación a Distancia
1133,Universidad Nacional de Educación a Distancia and Universidad Nacional de Educación a Distancia
1134,Universidad Politécnica Salesiana
1135,Universidad Politécnica de Madrid
1136,Universidad Politécnica de Madrid and Universidad Nacional de Educación a Distancia
1137,Universidad de Alicante
1138,Universidad de Jaén
1139,Universidad de La Coruña
1140,Universidad de Málaga
1141,Universidad de Santiago de Compostela
1142,Universidad del País Vasco
1143,Universidade Federal Fluminense
1144,Universidade Federal de Minas Gerais
1145,"Universidade Federal de Minas Gerais, Universidade Federal de Minas Gerais"
1146,Universidade Federal de São João del-Rei
1147,Universidade Federal do Rio Grande do Sul
1148,Universidade da Coruña
1149,Universidade do Porto
1150,Universita della Svizzera Italiana
1151,"Universita della Svizzera Italiana, Universidad Politécnica de Valencia and University of Bucharest"
1152,Universitas Brawijaya
1153,Universitas Indonesia
1154,Universitat Pompeu Fabra
1155,Universitat d’Alacant
1156,University College Dublin
1157,University College London
1158,"University College London, University of London"
1159,University Hospital Aachen
1160,University Mohammed VI Polytechnic
1161,University of Aberdeen
1162,University of Adelaide and Royal Melbourne Institute of Technology
1163,University of Alabama at Birmingham
1164,University of Amsterdam
1165,"University of Amsterdam, King Abdullah University of Science and Technology and National Taiwan University"
1166,University of Arizona
1167,University of Auckland
1168,University of Augsburg
1169,University of Basel
1170,University of Bath
1171,University of Birmingham
1172,University of Bisha
1173,University of Bologna
1174,University of Bristol
1175,University of British Columbia
1176,University of Bucharest
1177,University of Calabria
1178,University of California
1179,University of California Berkeley
1180,"University of California, Berkeley"
1181,"University of California, Davis"
1182,"University of California, Davis and University of Southern California"
1183,"University of California, Irvine"
1184,"University of California, Los Angeles"
1185,"University of California, Los Angeles and Amazon"
1186,"University of California, Merced"
1187,"University of California, Riverside and Sichuan University"
1188,"University of California, San Diego"
1189,"University of California, San Diego, Snowflake, Petuum, Inc and Carnegie Mellon University"
1190,"University of California, San Diego, University of California, San Diego"
1191,University of Cambridge
1192,University of Cambridge and Duke University
1193,University of Cape Coast
1194,University of Central Florida
1195,University of Central Florida and Universitas Gadjah Mada
1196,University of Central Florida and Universitas Islam Indonesia
1197,University of Chicago
1198,University of Chinese Academy of Sciences
1199,University of Chinese Academy of Sciences and Chinese Academy of Sciences
1200,University of Colorado at Boulder
1201,University of Connecticut
1202,University of Copenhagen
1203,University of Delaware
1204,University of Dundee
1205,University of Edinburgh
1206,University of Edinburgh and University of Amsterdam
1207,"University of Edinburgh, University of Edinburgh"
1208,University of Electro-Communications
1209,University of Electronic Science and Technology of China
1210,"University of Electronic Science and Technology of China,"
1211,University of Essex
1212,University of Exeter and University of Sheffield
1213,University of Florida
1214,University of Georgia
1215,University of Glasgow
1216,University of Groningen
1217,"University of Göttingen, Germany"
1218,University of Haifa
1219,University of Hawaii at Manoa
1220,University of Helsinki
1221,University of Hong Kong
1222,University of Hong Kong and Hong Kong Baptist University
1223,University of Houston
1224,University of Ibadan
1225,University of Illinois Chicago
1226,University of Illinois Urbana Champaign
1227,University of Illinois Urbana-Champaign
1228,University of Illinois Urbana-Champaign Champaign
1229,University of Illinois at Chicago
1230,University of Illinois at Urbana-Champaign
1231,"University of Illinois, Chicago"
1232,"University of Illinois, Urbana Champaign"
1233,"University of Illinois, Urbana Champaign, College of Computing and Georgia Institute of Technology"
1234,"University of Illinois, Urbana-Champaign"
1235,University of International Business and Economics
1236,University of Khartoum
1237,University of Liverpool
1238,University of Liverpool and Eindhoven University of Technology
1239,University of Luxembourg
1240,University of Macau
1241,University of Manchester
1242,"University of Manchester, University of Manchester"
1243,University of Maryland
1244,"University of Maryland, Baltimore County"
1245,"University of Maryland, College Park"
1246,"University of Maryland, College Park and Ludwig-Maximilians-Universität München"
1247,University of Massachusetts at Amherst
1248,University of Massachusetts at Lowell
1249,"University of Massachusetts, Amherst"
1250,University of Melbourne
1251,University of Melbourne and Carnegie Mellon University
1252,University of Memphis
1253,University of Michigan - Ann Arbor
1254,University of Michigan - Ann Arbor and LG AI Research
1255,University of Michigan - Ann Arbor and Michigan State University
1256,University of Michigan - Ann Arbor and University of Guyana
1257,University of Minnesota
1258,University of Minnesota - Twin Cities
1259,"University of Minnesota, Minneapolis"
1260,University of Mississippi Medical Center
1261,University of Montreal
1262,University of Nantes
1263,University of North Carolina at Chapel Hill
1264,University of Notre Dame
1265,University of Opole and University of Manchester
1266,University of Oregon
1267,University of Oregon and Vanderbilt University
1268,University of Oslo
1269,University of Oxford
1270,University of Oxford and Massachusetts Institute of Technology
1271,University of Oxford and University of Sydney
1272,University of Padua
1273,University of Palermo and Norwegian Institute of Technology
1274,University of Pennsylvania
1275,University of Pennsylvania and University of Pennsylvania
1276,"University of Pennsylvania, University of Pennsylvania"
1277,University of Pisa
1278,University of Pittsburgh
1279,University of Potsdam
1280,University of Pretoria
1281,University of Queensland
1282,University of Richmond
1283,University of Rochester
1284,University of Roma “La Sapienza”
1285,University of Roma “Tor Vergata”
1286,University of Rome Tor Vergata
1287,University of Rome Tor Vergata and Almawave SpA
1288,University of Saskatchewan
1289,University of Science and Technology of China
1290,University of Science and Technology of China and China Academic of Electronics and Information Technology
1291,University of Science and Technology of China and Shanghai Artificial Intelligence Laboratory
1292,University of Science and Technology of China and University of Science and Technology of China
1293,"University of Science and Technology of China, Tsinghua University"
1294,University of Sheffield
1295,"University of Sheffield, University of Sheffield"
1296,University of South Florida
1297,University of Southern California
1298,University of Southern California and USC/ISI
1299,University of St Andrews
1300,University of Stuttgart
1301,"University of Stuttgart, Universität Stuttgart"
1302,University of Sydney
1303,"University of Sydney, University of Sydney"
1304,University of Texas at Arlington
1305,"University of Texas at Arlington, University of Texas at Arlington"
1306,University of Texas at Austin
1307,University of Texas at Austin and Apple
1308,University of Texas at Austin and Facebook
1309,"University of Texas at Austin and University of Illinois, Urbana Champaign"
1310,University of Texas at Dallas
1311,University of Texas at San Antonio
1312,"University of Texas, Austin"
1313,University of Tokyo
1314,University of Toronto
1315,University of Toronto and Google
1316,University of Tuebingen
1317,University of Turku
1318,University of Turku and University of Turku
1319,"University of Virginia, Charlottesville"
1320,University of Waikato
1321,University of Warwick
1322,University of Washington
1323,University of Washington and Allen Institute for Artificial Intelligence
1324,"University of Washington and School of Computer Science, Carnegie Mellon University"
1325,"University of Washington, Facebook and Meta"
1326,University of Waterloo
1327,University of Waterloo and Mohamed bin Zayed University of Artificial Intelligence
1328,University of Waterloo and Vector Institute
1329,"University of Waterloo, University of Waterloo"
1330,University of West Bohemia
1331,University of Wisconsin - Madison
1332,University of Wisconsin - Madison and NVIDIA
1333,"University of Wisconsin, Madison"
1334,"University of Wisconsin, Madison, Stanford University, Facebook AI, Google AI and Cornell University"
1335,University of Zurich
1336,University of Zurich and University of Zurich
1337,University of the Basque Country
1338,University of the Basque Country (UPV/EHU)
1339,University of the Chinese Academy of Sciences
1340,"University of the Chinese Academy of Sciences and Institute of Computing Technology, Chinese Academy of Sciences"
1341,University of the People
1342,University of the Philippines
1343,University of the Philippines Diliman
1344,University of the Witwatersrand
1345,Università degli Studi di Roma Tor Vergata
1346,Università della Svizzera Italiana and Università dell’Insubria
1347,Universität Bielefeld
1348,Universität Hamburg
1349,Universität Konstanz
1350,Universität Köln
1351,Universität Mannheim
1352,Universität Mannheim and Max Planck Institute for Informatics
1353,Universität Passau
1354,Universität Passau and Max-Planck Institute
1355,Universität Vienna
1356,Universität des Saarlandes
1357,Universität des Saarlandes and University of Groningen
1358,Université Paris 13
1359,Université Paris Cité
1360,Université Paris Nord (Paris XIII)
1361,"Université Paris-Saclay, CNRS"
1362,Université Paul Sabatier / Université de Toulouse III
1363,Université catholique de Louvain
1364,Université de Lausanne and Idiap Research Institute
1365,Université de Montréal and Mila - Quebec Artificial Intelligence Institute
1366,Université de Nantes
1367,Université de Nouakchott
1368,Université de Paris
1369,Université d’Aix-Marseille
1370,Univesity of Santiago de Compostela
1371,Uppsala University
1372,Utrecht University
1373,VISA
1374,VNG
1375,VNG Corporation
1376,Vanderbilt University
1377,Vercept
1378,Vidyasirimedhi Institute of Science and Technology
1379,Virginia Polytechnic Institute and State University
1380,"Virginia Polytechnic Institute and State University and Department of Computer Science, University of North Carolina at Chapel Hill"
1381,Virginia Tech
1382,Virginia Tech and Amazon
1383,Virtue AI and Stanford University
1384,Visa Research
1385,Votee AI
1386,"Wan, Alibaba Group and Tsinghua Shenzhen International Graduate School, Tsinghua University"
1387,Warsaw University of Technology
1388,Waseda University
1389,Washington University in Saint Louis
1390,"Washington University, Saint Louis"
1391,Way With Words
1392,Wayve
1393,WeChat AI
1394,"WeChat AI, Tencent"
1395,"WeChat AI, Tencent Inc."
1396,"WeChat, Tencent"
1397,"WeChat, Tencent Inc."
1398,Weizmann Institute of Science
1399,Welocalize
1400,Westfälische Wilhelms-Universität Münster
1401,Westlake University
1402,Westlake University and Zhejiang University
1403,William & Mary
1404,Worcester Polytechnic Institute
1405,World Bank
1406,Writesonic
1407,Wuhan University
1408,Wuhan University of Technology
1409,Xiamen University
1410,Xiamen University Malaysia
1411,Xiamen University of Technology
1412,"Xiamen University, Tsinghua University"
1413,Xiaohongshu
1414,Xiaohongshu Inc
1415,Xiaomi
1416,Xiaomi Corporation
1417,Xidian University
1418,Ximalaya Inc.
1419,Xi’an Jiaotong University
1420,Xi’an Jiaotong-Liverpool University
1421,Xi’an Jiaotong-Liverpool University and University of Liverpool
1422,Xi’an University of Electronic Science and Technology
1423,Yale University
1424,Yale University and Allen Institute for Artificial Intelligence
1425,Yazhouwan Lab
1426,Yonsei University
1427,Yonsei University and Yonsei University
1428,York University
1429,York University and York University
1430,Yuanshi- 元石科技
1431,Zalo
1432,Zhejiang Gongshang University
1433,Zhejiang Lab
1434,Zhejiang Normal University
1435,"Zhejiang Sci-Tech University, Zhejiang Sci-Tech University, Beijing Jiaotong University and Yixiaomo.Inc"
1436,Zhejiang University
1437,Zhejiang University and Peking University
1438,Zhejiang University and Zhejiang University
1439,Zhipu AI
1440,Zhipu AI and Tsinghua University
1441,Zhipu Ai
1442,Zhipu.AI
1443,Zhongguancun Laboratory
1444,cleveland clinic foundation
1445,haerae.com and OnelineAI
1446,iQIYI
1447,inftech.ai
1448,"institute of computer science, University of Tartu"
1449,"istituto di linguistica computazionale “A. Zampolli”, ILC-CNR, Pisa"
1450,jd.com
1451,lut
1452,nanjing university
1453,"national university of singaore, National University of Singapore"
1454,physical intelligence
1455,prince sultan university
1456,shanghai AI lab
1457,shanghai institute for science of science
1458,soochow university
1459,southern university of science and technology
1460,stc
1461,"the University of Hong Kong, University of Hong Kong"
1462,tii
1463,unaffiliated
1464,university of texas at dallas
1465,westlake university
1466,xAI
1467,xAI and University of Washington
1468,"École Polytechnique de Montréal, Université de Montréal, Université de Montréal, Université de Montréal and EPFL - EPF Lausanne"
1469,"École de technologie supérieure, Université du Québec"
1470,"École de technologie supérieure, Université du Québec and Université Paris-Saclay"
